"","subj","n"
"1","カウントダウン",1
"2","ゲーム",4
"3","シンフォニー",1
"4","ストーリー",4
"5","ディスコ",1
"6","ビジョン",1
"7","フリケンシー",1
"8","メール",1
"9","リズム",1
"10","ループ",1
"11","ワルツ",1
"12","世界",32
"13","予感",1
"14","光",1
"15","冬景色",1
"16","命",3
"17","声",1
"18","夏",13
"19","夕暮れ",1
"20","夜",14
"21","夢",11
"22","奇跡",1
"23","季節",4
"24","幻想",1
"25","幻想曲",1
"26","復讐",1
"27","恋",4
"28","悪夢",6
"29","悲しみ",2
"30","想い",1
"31","愛",3
"32","感情",2
"33","戦場",1
"34","戯曲",4
"35","旅",6
"36","旅路",1
"37","日々",14
"38","明日",4
"39","映画",1
"40","時",1
"41","時間",2
"42","晩餐会",1
"43","曲",1
"44","朝",1
"45","未来",3
"46","歌",1
"47","流星群",1
"48","涙",1
"49","物語",9
"50","破滅",1
"51","祈り",2
"52","空",1
"53","自分",1
"54","苦しみ",1
"55","街",5
"56","詩",2
"57","逃避行",2
"58","過程",1
"59","錯覚",1
"60","闇",1
"61","願い",1
"62","魔法",1
"63","鼓動",1
"64","glowimg lails",1
"65","love",1
"66","Sensation",1
"67","Sunday",1
"68","temptation",1
"69","お祭り",1
"70","きみ",1
"71","そろばん",1
"72","アイ",1
"73","イントロ",1
"74","サマーバケーション",1
"75","ページ",1
"76","レポート",1
"77","世",1
"78","今日",7
"79","仕事",1
"80","僕",1
"81","僕ら",2
"82","勝負",2
"83","午後",1
"84","呪い",3
"85","夕立",1
"86","大地",1
"87","宵",1
"88","平日",1
"89","幸せ",1
"90","意味",1
"91","戦い",3
"92","日",2
"93","日常",1
"94","時代",3
"95","景色",1
"96","構築",2
"97","毎日",1
"98","気持ち",1
"99","痛み",1
"100","算数ドリル",1
"101","航海",2
"102","言葉",1
"103","記憶",1
"104","読み",1
"105","買い物",1
"106","連鎖",1
"107","道",2
"108","静寂",1
